<?xml version="1.0" encoding="UTF-8" standalone="yes"?>
<addon id="plugin.video.tronosstv" name="[COLOR red]Tronoss[/COLOR][COLOR yellow]TV[/COLOR]" version="1.0.0" provider-name="tronoss">
    <extension point="xbmc.python.pluginsource" library="addon.py">
        <provides>video</provides>
    </extension>
    <requires>
        <import addon="xbmc.python" version="3.0.0" />
        <import addon="script.module.requests" version="2.0.0" />
    </requires>
    <extension point="xbmc.addon.metadata">
        <summary>Canales de Televisión, deportes y más...</summary>
        <description>
            AVISO LEGAL:
            Este complemento no aloja ningun contenido mostrado.
            Todo el contenido se encuentra libremente en internet.
            No se acepta ninguna responsabilidad por el uso de este addon.
        </description>
        <platform>all</platform>
        <assets>
            <icon>icono.png</icon>
        </assets>
    </extension>
    <extension point="xbmc.addon.settings" library="resources/settings.xml" />
</addon>
