<?xml version="1.0" encoding="UTF-8" standalone="yes"?>
<addon id="plugin.video.tronosstv" name="[COLOR red]Tronoss[/COLOR][COLOR yellow]TV[/COLOR]" version="1.0.0" provider-name="tronoss">
    <extension point="xbmc.python.pluginsource" library="addon.py">
        <provides>video</provides>
    </extension>
    <requires>
        <import addon="xbmc.python" version="3.0.0" />
        <import addon="script.module.requests" version="2.0.0" />
    </requires>

    <extension point="xbmc.addon.settings">
        <category label="Configuraciones de Vista">
            <setting id="tronosstv_menu_view" type="options" label="Vista del Menú TronossTV" default="80">
                <options>
                    <option label="Lista" value="50"/>
                    <option label="Detalles" value="51"/>
                    <option label="Iconos Grandes" value="500"/>
                    <option label="Iconos Medianos" value="501"/>
                    <option label="Iconos Pequeños" value="502"/>
                    <option label="Muro" value="80"/>
                </options>
            </setting>

            <setting id="main_menu_view" type="options" label="Vista del Menú Principal" default="50">
                <options>
                    <option label="Lista" value="50"/>
                    <option label="Detalles" value="51"/>
                    <option label="Iconos Grandes" value="500"/>
                    <option label="Iconos Medianos" value="501"/>
                    <option label="Iconos Pequeños" value="502"/>
                    <option label="Muro" value="80"/>
                </options>
            </setting>

            <setting id="events_list_view" type="options" label="Vista de la Agenda Tronoss Eventos" default="50">
                <options>
                    <option label="Lista" value="50"/>
                    <option label="Detalles" value="51"/>
                    <option label="Iconos Grandes" value="500"/>
                    <option label="Iconos Medianos" value="501"/>
                    <option label="Iconos Pequeños" value="502"/>
                    <option label="Muro" value="80"/>
                </options>
            </setting>
        </category>
    </extension>

    <extension point="xbmc.addon.metadata">
        <summary>Canales de Televisión, deportes y más...</summary>
        <description>
            AVISO LEGAL:
            Este complemento no aloja ningun contenido mostrado.
            Todo el contenido se encuentra libremente en internet.
            No se acepta ninguna responsabilidad por el uso de este addon.
        </description>
        <platform>all</platform>
        <assets>
            <icon>icono.png</icon>
        </assets>
    </extension>
</addon>

