<?xml version="1.0" encoding="UTF-8" standalone="yes"?>
<addon id="plugin.video.tronoss" name="[COLOR red]Tronoss[/COLOR][COLOR yellow]TV[/COLOR]" version="1.0.0" provider-name="tronoss">
	<requires>
		<import addon="script.module.six" />
		<import addon="script.module.kodi-six" />
		<import addon="script.module.requests" />
		<import addon="script.module.dateutil" />
		<import addon="script.module.websocket" />
		<import addon="script.module.inputstreamhelper" optional="true"/>
		<import addon="script.module.youtube.dl" optional="true"/>
		<import addon="plugin.video.youtube" optional="true" />
		<import addon="plugin.video.duffyou" optional="true" />
		<import addon="script.module.resolveurl" optional="true"/>
		<import addon="script.module.urlresolver" optional="true"/>
		<import addon="script.module.cloudscraper" optional="true"/>
		<import addon="script.module.slproxy" optional="true"/>
	</requires>
	<extension point="xbmc.python.pluginsource" library="default.py">
		<provides>video</provides>
	</extension>
	
	<extension point="xbmc.addon.repository" name="Tronoss repository">
		<dir>
			<info compressed="false">https://raw.githubusercontent.com/joheos11/repository.kodispain/master/addons.xml</info>
			<checksum>https://raw.githubusercontent.com/joheos11/repository.kodispain/master/addons.xml.md5</checksum>
			<datadir zip="true">https://raw.githubusercontent.com/joheos11/repository.kodispain/master/</datadir>
		</dir>
    </extension>

	<extension point="xbmc.addon.metadata">
		<summary>Canales de Televisión, deportes y más...</summary>
		<description>

AVISO LEGAL:

Este complemento no aloja ningun contenido mostrado.
Todo el contenido se encuentra libremente en internet.
No se acepta ninguna responsabilidad por el uso de este addon.

		</description>
		<platform>all</platform>
		<assets>
			<icon>icon.png</icon>
		</assets>
	</extension>
</addon>
